Maps/ant_hell/Name=Ant Hell

Maps/ant_hole1/Name=Termite Mound
Maps/ant_hole2/Name=Termite Mound
Maps/ant_hole3/Name=Termite Mound
Maps/ant_hole4/Name=Termite Mound
Maps/ant_hole5/Name=Termite Mound

Maps/desert/Name=Desert

Maps/factory/Name=Factory

Maps/garden/Name=Garden

Maps/hel/Name=Hel

Maps/jungle/Name=Jungle

Maps/ocean/Name=Ocean

Maps/pyramid/Name=Pyramid
Maps/pyramid/Changing=The sands under you are starting to shift...

Maps/sewers/Name=Sewers

Maps/worm/Name=Worm
